Timestamp,Mood,Note
2025-06-21 11:21:34,Anxious,
2025-06-21 11:23:32,Happy,
2025-06-21 11:29:04,Sad,
2025-06-21 11:29:27,Anxious,
2025-06-21 11:29:35,Anxious,
2025-06-21 11:30:54,Anxious,
2025-06-21 11:38:46,Happy,
2025-06-21 11:39:03,Anxious,
2025-06-21 11:42:48,Sad,
2025-06-21 11:44:18,Angry,
2025-06-21 11:44:57,Calm,
2025-06-21 11:45:09,Sad,
2025-06-21 11:57:15,Happy,
2025-06-21 11:58:18,Happy,
2025-06-21 12:04:51,Happy,
2025-06-21 12:05:01,Sad,
2025-06-21 12:22:12,Angry,
2025-06-21 12:23:04,Happy,
2025-06-21 12:23:13,Anxious,
2025-06-21 12:23:28,Sad,
2025-06-21 12:30:42,Happy,
2025-06-21 12:31:18,Sad,
2025-06-21 12:32:22,Angry,
2025-06-21 12:40:57,Calm,
2025-06-21 12:41:16,Anxious,
2025-06-21 12:41:25,Happy,
2025-06-21 12:42:21,Happy,
2025-06-21 12:42:29,Sad,
2025-06-21 12:43:39,Sad,
2025-06-21 12:43:52,Angry,
2025-06-21 12:44:54,Angry,
2025-06-21 12:45:32,Anxious,
2025-06-21 12:45:40,Calm,
2025-06-21 12:46:21,Calm,
2025-06-21 12:53:20,Sad,
2025-06-21 12:54:50,Angry,
2025-06-21 13:00:47,Alone,
2025-06-21 13:07:08,Alone,
2025-06-21 13:12:53,Alone,
2025-06-21 13:14:41,Alone,
2025-06-21 13:15:15,Alone,
2025-06-21 13:15:38,Alone,
2025-06-21 13:16:10,Alone,
2025-06-21 13:17:10,Happy,
2025-06-21 13:17:26,Sad,
2025-06-21 13:17:46,Angry,
2025-06-21 13:17:55,Anxious,
2025-06-21 13:18:01,Calm,
2025-06-21 13:18:30,Alone,
2025-06-21 13:19:00,Alone,I am alone right now
